,source,native,name,p_value,significant,description,term_size,query_size,intersection_size,effective_domain_size,precision,recall,query,parents
160,GO:BP,GO:0070666,regulation of mast cell proliferation,0.029107777296781143,True,"""Any process that modulates the frequency, rate or extent of mast cell proliferation."" [GOC:add, GOC:mah]",4,269,3,18117,0.011152416356877323,0.75,query_1,"['GO:0070662', 'GO:0070663']"
161,GO:BP,GO:0038156,interleukin-3-mediated signaling pathway,0.029107777296781143,True,"""A series of molecular signals initiated by the binding of interleukin-3 to a receptor on the surface of a cell, and ending with regulation of a downstream cellular process, e.g. transcription."" [GOC:nhn, GOC:signaling]",4,269,3,18117,0.011152416356877323,0.75,query_1,['GO:0019221']
140,GO:BP,GO:0045586,regulation of gamma-delta T cell differentiation,0.012836722712499176,True,"""Any process that modulates the frequency, rate or extent of gamma-delta T cell differentiation."" [GOC:go_curators]",9,269,4,18117,0.01486988847583643,0.4444444444444444,query_1,"['GO:0042492', 'GO:0045580', 'GO:0046643']"
154,GO:BP,GO:0046643,regulation of gamma-delta T cell activation,0.021144693548473825,True,"""Any process that modulates the frequency, rate or extent of gamma-delta T cell activation."" [GOC:ai]",10,269,4,18117,0.01486988847583643,0.4,query_1,"['GO:0046629', 'GO:0050863']"
178,GO:BP,GO:0043383,negative T cell selection,0.04868456443960764,True,"""The process of elimination of immature T cells which react strongly with self-antigens."" [ISBN:0781735149, PMID:12414722]",12,269,4,18117,0.01486988847583643,0.3333333333333333,query_1,['GO:0045058']
165,GO:BP,GO:0045060,negative thymic T cell selection,0.032839524723115174,True,"""The process of elimination of immature T cells in the thymus which react strongly with self-antigens."" [ISBN:0781735149, PMID:12414722]",11,269,4,18117,0.01486988847583643,0.36363636363636365,query_1,"['GO:0043383', 'GO:0045061']"
159,GO:BP,GO:0046641,positive regulation of alpha-beta T cell proliferation,0.02646683131779375,True,"""Any process that activates or increases the frequency, rate or extent of alpha-beta T cell proliferation."" [GOC:ai]",21,269,5,18117,0.01858736059479554,0.23809523809523808,query_1,"['GO:0042102', 'GO:0046633', 'GO:0046635', 'GO:0046640']"
107,GO:BP,GO:0032753,positive regulation of interleukin-4 production,0.0024763996598974655,True,"""Any process that activates or increases the frequency, rate, or extent of interleukin-4 production."" [GOC:mah]",24,269,6,18117,0.022304832713754646,0.25,query_1,"['GO:0001819', 'GO:0032633', 'GO:0032673']"
138,GO:BP,GO:0032673,regulation of interleukin-4 production,0.01241460644869013,True,"""Any process that modulates the frequency, rate, or extent of interleukin-4 production."" [GOC:mah, PMID:29778524]",31,269,6,18117,0.022304832713754646,0.1935483870967742,query_1,"['GO:0001817', 'GO:0032633']"
143,GO:BP,GO:0032633,interleukin-4 production,0.015090389161095546,True,"""The appearance of interleukin-4 due to biosynthesis or secretion following a cellular stimulus, resulting in an increase in its intracellular or extracellular levels."" [GOC:mah]",32,269,6,18117,0.022304832713754646,0.1875,query_1,['GO:0001816']
98,GO:BP,GO:0045730,respiratory burst,0.0015762019663156887,True,"""A phase of elevated metabolic activity, during which oxygen consumption increases; this leads to the production, by an NADH dependent system, of hydrogen peroxide (H2O2), superoxide anions and hydroxyl radicals."" [ISBN:0198506732]",35,269,7,18117,0.026022304832713755,0.2,query_1,['GO:0008152']
149,GO:BP,GO:0002279,mast cell activation involved in immune response,0.016862713218594387,True,"""The change in morphology and behavior of a mast cell resulting from exposure to a cytokine, chemokine, soluble factor, or to (at least in mammals) an antigen which the mast cell has specifically bound via IgE bound to Fc-epsilonRI receptors, leading to the initiation or perpetuation of an immune response."" [GOC:add, ISBN:0781735149]",49,269,7,18117,0.026022304832713755,0.14285714285714285,query_1,"['GO:0002275', 'GO:0045576']"
155,GO:BP,GO:0045058,T cell selection,0.02215946291388703,True,"""The process in which T cells that express T cell receptors that are restricted by self MHC protein complexes and tolerant to self antigens are selected for further maturation."" [ISBN:0781735149, PMID:12414722]",51,269,7,18117,0.026022304832713755,0.13725490196078433,query_1,"['GO:0002376', 'GO:0030217']"
127,GO:BP,GO:0030888,regulation of B cell proliferation,0.009246124936962134,True,"""Any process that modulates the frequency, rate or extent of B cell proliferation."" [GOC:mah]",63,269,8,18117,0.02973977695167286,0.12698412698412698,query_1,"['GO:0042100', 'GO:0050670', 'GO:0050864']"
152,GO:BP,GO:0045123,cellular extravasation,0.020606139482928942,True,"""The migration of a leukocyte from the blood vessels into the surrounding tissue."" [GOC:jl]",70,269,8,18117,0.02973977695167286,0.11428571428571428,query_1,['GO:0050900']
177,GO:BP,GO:0046634,regulation of alpha-beta T cell activation,0.04791428575156938,True,"""Any process that modulates the frequency, rate or extent of alpha-beta T cell activation."" [GOC:ai]",102,269,9,18117,0.03345724907063197,0.08823529411764706,query_1,"['GO:0046631', 'GO:0050863']"
153,GO:BP,GO:0070664,negative regulation of leukocyte proliferation,0.020675706460096685,True,"""Any process that stops, prevents, or reduces the frequency, rate or extent of leukocyte proliferation."" [GOC:add, GOC:mah]",92,269,9,18117,0.03345724907063197,0.09782608695652174,query_1,"['GO:0008285', 'GO:0070661', 'GO:0070663']"
96,GO:BP,GO:0046635,positive regulation of alpha-beta T cell activation,0.0014056364109952986,True,"""Any process that activates or increases the frequency, rate or extent of alpha-beta T cell activation."" [GOC:ai]",67,269,9,18117,0.03345724907063197,0.13432835820895522,query_1,"['GO:0046631', 'GO:0046634', 'GO:0050870']"
166,GO:BP,GO:0050764,regulation of phagocytosis,0.03466253701447938,True,"""Any process that modulates the frequency, rate or extent of phagocytosis, the process in which phagocytes engulf external particulate material."" [GOC:ai]",98,269,9,18117,0.03345724907063197,0.09183673469387756,query_1,"['GO:0006909', 'GO:0060627']"
117,GO:BP,GO:0042100,B cell proliferation,0.004449246446695169,True,"""The expansion of a B cell population by cell division. Follows B cell activation."" [GOC:jl]",98,269,10,18117,0.03717472118959108,0.10204081632653061,query_1,"['GO:0042113', 'GO:0046651']"
151,GO:BP,GO:0002431,Fc receptor mediated stimulatory signaling pathway,0.019177360892351815,True,"""A series of molecular signals generated as a consequence of a the binding of the Fc portion of an immunoglobulin by an Fc receptor capable of activating or perpetuating an immune response. The Fc portion of an immunoglobulin is its C-terminal constant region."" [GO_REF:0000022, GOC:add, ISBN:0781735149]",141,269,11,18117,0.040892193308550186,0.07801418439716312,query_1,['GO:0002429']
169,GO:BP,GO:0019722,calcium-mediated signaling,0.038549950364961276,True,"""Any intracellular signal transduction in which the signal is passed on within the cell via calcium ions."" [GOC:signaling]",211,269,13,18117,0.048327137546468404,0.061611374407582936,query_1,['GO:0019932']
124,GO:BP,GO:0045619,regulation of lymphocyte differentiation,0.006870619108697621,True,"""Any process that modulates the frequency, rate or extent of lymphocyte differentiation."" [GOC:go_curators]",180,269,13,18117,0.048327137546468404,0.07222222222222222,query_1,"['GO:0030098', 'GO:0051249', 'GO:1902105']"
176,GO:BP,GO:0002699,positive regulation of immune effector process,0.0470262893124585,True,"""Any process that activates or increases the frequency, rate, or extent of an immune effector process."" [GOC:add]",215,269,13,18117,0.048327137546468404,0.06046511627906977,query_1,"['GO:0002252', 'GO:0002684', 'GO:0002697']"
33,GO:BP,GO:0042102,positive regulation of T cell proliferation,9.909184406605685e-07,True,"""Any process that activates or increases the rate or extent of T cell proliferation."" [GOC:ai]",104,269,14,18117,0.05204460966542751,0.1346153846153846,query_1,"['GO:0042098', 'GO:0042129', 'GO:0050671', 'GO:0050870']"
72,GO:BP,GO:0051250,negative regulation of lymphocyte activation,0.00019932315687022582,True,"""Any process that stops, prevents, or reduces the frequency, rate or extent of lymphocyte activation."" [GOC:ai]",156,269,14,18117,0.05204460966542751,0.08974358974358974,query_1,"['GO:0002695', 'GO:0046649', 'GO:0051249']"
109,GO:BP,GO:0050864,regulation of B cell activation,0.002881283389475704,True,"""Any process that modulates the frequency, rate or extent of B cell activation."" [GOC:ai]",194,269,14,18117,0.05204460966542751,0.07216494845360824,query_1,"['GO:0042113', 'GO:0051249']"
28,GO:BP,GO:0050671,positive regulation of lymphocyte proliferation,7.4548603432375e-07,True,"""Any process that activates or increases the rate or extent of lymphocyte proliferation."" [GOC:ai]",141,269,16,18117,0.05947955390334572,0.11347517730496454,query_1,"['GO:0032946', 'GO:0046651', 'GO:0050670', 'GO:0051251']"
81,GO:BP,GO:0050870,positive regulation of T cell activation,0.0004204029532349391,True,"""Any process that activates or increases the frequency, rate or extent of T cell activation."" [GOC:ai]",219,269,16,18117,0.05947955390334572,0.0730593607305936,query_1,"['GO:0042110', 'GO:0050863', 'GO:0051251', 'GO:1903039']"
55,GO:BP,GO:0042129,regulation of T cell proliferation,1.9524696849477354e-05,True,"""Any process that modulates the frequency, rate or extent of T cell proliferation."" [GOC:jl]",176,269,16,18117,0.05947955390334572,0.09090909090909091,query_1,"['GO:0042098', 'GO:0050670', 'GO:0050863']"
97,GO:BP,GO:1903039,positive regulation of leukocyte cell-cell adhesion,0.0015315739906855493,True,"""Any process that activates or increases the frequency, rate or extent of leukocyte cell-cell adhesion."" [GO_REF:0000058, GOC:BHF, GOC:rl, GOC:TermGenie, PMID:21106532]",241,269,16,18117,0.05947955390334572,0.06639004149377593,query_1,"['GO:0007159', 'GO:0022409', 'GO:1903037']"
141,GO:BP,GO:0022409,positive regulation of cell-cell adhesion,0.012972630924311742,True,"""Any process that activates or increases the rate or extent of cell adhesion to another cell."" [GOC:isa_complete]",284,269,16,18117,0.05947955390334572,0.056338028169014086,query_1,"['GO:0022407', 'GO:0045785', 'GO:0098609']"
30,GO:BP,GO:0032946,positive regulation of mononuclear cell proliferation,8.290971748763029e-07,True,"""Any process that activates or increases the frequency, rate or extent of mononuclear cell proliferation."" [GOC:add]",142,269,16,18117,0.05947955390334572,0.11267605633802817,query_1,"['GO:0032943', 'GO:0032944', 'GO:0070665']"
23,GO:BP,GO:0070665,positive regulation of leukocyte proliferation,3.543326565690465e-07,True,"""Any process that activates or increases the frequency, rate or extent of leukocyte proliferation."" [GOC:add, GOC:mah]",155,269,17,18117,0.06319702602230483,0.10967741935483871,query_1,"['GO:0008284', 'GO:0070661', 'GO:0070663']"
147,GO:BP,GO:0050851,antigen receptor-mediated signaling pathway,0.01633467891034991,True,"""A series of molecular signals initiated by the cross-linking of an antigen receptor on a B or T cell."" [GOC:add]",323,269,17,18117,0.06319702602230483,0.05263157894736842,query_1,['GO:0002429']
42,GO:BP,GO:0042098,T cell proliferation,3.92485793142595e-06,True,"""The expansion of a T cell population by cell division. Follows T cell activation."" [GOC:jl]",205,269,18,18117,0.06691449814126393,0.08780487804878048,query_1,"['GO:0042110', 'GO:0046651']"
46,GO:BP,GO:0050866,negative regulation of cell activation,6.2313053576306395e-06,True,"""Any process that stops, prevents, or reduces the frequency, rate or extent of cell activation."" [GOC:ai]",211,269,18,18117,0.06691449814126393,0.08530805687203792,query_1,"['GO:0001775', 'GO:0048523', 'GO:0050865']"
32,GO:BP,GO:0002695,negative regulation of leukocyte activation,9.632588408493931e-07,True,"""Any process that stops, prevents, or reduces the frequency, rate, or extent of leukocyte activation."" [GOC:add]",188,269,18,18117,0.06691449814126393,0.09574468085106383,query_1,"['GO:0002683', 'GO:0002694', 'GO:0045321', 'GO:0050866']"
69,GO:BP,GO:1902105,regulation of leukocyte differentiation,0.00014897596573504798,True,"""Any process that modulates the frequency, rate or extent of leukocyte differentiation."" [GOC:add, GOC:TermGenie]",288,269,19,18117,0.07063197026022305,0.06597222222222222,query_1,"['GO:0002521', 'GO:0045595', 'GO:1903706']"
95,GO:BP,GO:0051251,positive regulation of lymphocyte activation,0.0013400849443384404,True,"""Any process that activates or increases the frequency, rate or extent of lymphocyte activation."" [GOC:ai]",365,269,20,18117,0.07434944237918216,0.0547945205479452,query_1,"['GO:0002696', 'GO:0046649', 'GO:0051249']"
136,GO:BP,GO:0002683,negative regulation of immune system process,0.011486699947748012,True,"""Any process that stops, prevents, or reduces the frequency, rate, or extent of an immune system process."" [GOC:add]",420,269,20,18117,0.07434944237918216,0.047619047619047616,query_1,"['GO:0002376', 'GO:0002682', 'GO:0048519']"
90,GO:BP,GO:0006909,phagocytosis,0.0008149757201358875,True,"""A vesicle-mediated transport process that results in the engulfment of external particulate material by phagocytes and their delivery to the lysosome. The particles are initially contained within phagocytic vacuoles (phagosomes), which then fuse with primary lysosomes to effect digestion of the particles."" [ISBN:0198506732]",387,269,21,18117,0.07806691449814127,0.05426356589147287,query_1,['GO:0016192']
105,GO:BP,GO:0002696,positive regulation of leukocyte activation,0.0022538899379312993,True,"""Any process that activates or increases the frequency, rate, or extent of leukocyte activation."" [GOC:add]",412,269,21,18117,0.07806691449814127,0.050970873786407765,query_1,"['GO:0002684', 'GO:0002694', 'GO:0045321', 'GO:0050867']"
64,GO:BP,GO:1903037,regulation of leukocyte cell-cell adhesion,8.374543853842564e-05,True,"""Any process that modulates the frequency, rate or extent of leukocyte cell-cell adhesion."" [GO_REF:0000058, GOC:BHF, GOC:rl, GOC:TermGenie, PMID:21106532]",338,269,21,18117,0.07806691449814127,0.0621301775147929,query_1,"['GO:0007159', 'GO:0022407']"
85,GO:BP,GO:0030098,lymphocyte differentiation,0.000506206916150748,True,"""The process in which a relatively unspecialized precursor cell acquires specialized features of a lymphocyte. A lymphocyte is a leukocyte commonly found in the blood and lymph that has the characteristics of a large nucleus, a neutral staining cytoplasm, and prominent heterochromatin."" [CL:0000542, GOC:go_curators]",376,269,21,18117,0.07806691449814127,0.05585106382978723,query_1,"['GO:0046649', 'GO:1903131']"
16,GO:BP,GO:0032944,regulation of mononuclear cell proliferation,1.2505127575755903e-08,True,"""Any process that modulates the frequency, rate or extent of mononuclear cell proliferation."" [GOC:add]",232,269,22,18117,0.08178438661710037,0.09482758620689655,query_1,"['GO:0032943', 'GO:0070663']"
92,GO:BP,GO:0050867,positive regulation of cell activation,0.0009133393760807903,True,"""Any process that activates or increases the frequency, rate or extent of activation."" [GOC:ai]",424,269,22,18117,0.08178438661710037,0.05188679245283019,query_1,"['GO:0001775', 'GO:0048522', 'GO:0050865']"
15,GO:BP,GO:0050670,regulation of lymphocyte proliferation,1.0515461523606014e-08,True,"""Any process that modulates the frequency, rate or extent of lymphocyte proliferation."" [GOC:ai]",230,269,22,18117,0.08178438661710037,0.09565217391304348,query_1,"['GO:0032944', 'GO:0046651', 'GO:0051249']"
112,GO:BP,GO:0002697,regulation of immune effector process,0.0036866793460917204,True,"""Any process that modulates the frequency, rate, or extent of an immune effector process."" [GOC:add]",461,269,22,18117,0.08178438661710037,0.04772234273318872,query_1,"['GO:0002252', 'GO:0002682']"
54,GO:BP,GO:0050863,regulation of T cell activation,1.5972438975794932e-05,True,"""Any process that modulates the frequency, rate or extent of T cell activation."" [GOC:ai]",337,269,22,18117,0.08178438661710037,0.06528189910979229,query_1,"['GO:0042110', 'GO:0051249']"
51,GO:BP,GO:0042113,B cell activation,1.0875727512886571e-05,True,"""The change in morphology and behavior of a mature or immature B cell resulting from exposure to a mitogen, cytokine, chemokine, cellular ligand, or an antigen for which it is specific."" [GOC:mgi_curators, ISBN:0781735149]",330,269,22,18117,0.08178438661710037,0.06666666666666667,query_1,['GO:0046649']
73,GO:BP,GO:1903706,regulation of hemopoiesis,0.0002226475579059329,True,"""Any process that modulates the frequency, rate or extent of hemopoiesis."" [GO_REF:0000058, GOC:pad, GOC:PARL, GOC:TermGenie, PMID:20080761]",424,269,23,18117,0.08550185873605948,0.054245283018867926,query_1,"['GO:0002682', 'GO:0030097', 'GO:2000026']"
87,GO:BP,GO:0022407,regulation of cell-cell adhesion,0.0005276803065659572,True,"""Any process that modulates the frequency, rate or extent of attachment of a cell to another cell."" [GOC:isa_complete]",445,269,23,18117,0.08550185873605948,0.051685393258426963,query_1,"['GO:0030155', 'GO:0098609']"
84,GO:BP,GO:0002757,immune response-activating signal transduction,0.00046718013611453504,True,"""The cascade of processes by which a signal interacts with a receptor, causing a change in the level or activity of a second messenger or other downstream target, and ultimately leading to activation or perpetuation of an immune response."" [GOC:add]",477,269,24,18117,0.08921933085501858,0.050314465408805034,query_1,"['GO:0002253', 'GO:0002764']"
61,GO:BP,GO:1903131,mononuclear cell differentiation,6.759729087065305e-05,True,"""The process in which a relatively unspecialized cell acquires the specialized features of a mononuclear cell."" [CL:0000842, GO_REF:0000086, GOC:TermGenie, PMID:24759906]",430,269,24,18117,0.08921933085501858,0.05581395348837209,query_1,['GO:0002521']
100,GO:BP,GO:0002768,immune response-regulating cell surface receptor signaling pathway,0.001674876853352789,True,"""A series of molecular signals initiated by the binding of an extracellular ligand to a receptor on the surface of the target cell capable of activating, perpetuating, or inhibiting an immune response."" [GOC:add, ISBN:0781735149, PMID:15771571]",512,269,24,18117,0.08921933085501858,0.046875,query_1,"['GO:0002764', 'GO:0007166']"
83,GO:BP,GO:0002429,immune response-activating cell surface receptor signaling pathway,0.00046718013611453504,True,"""A series of molecular signals initiated by the binding of an extracellular ligand to a receptor on the surface of a cell capable of activating or perpetuating an immune response."" [GO_REF:0000022, GOC:add, ISBN:0781735149]",477,269,24,18117,0.08921933085501858,0.050314465408805034,query_1,"['GO:0002757', 'GO:0002768']"
78,GO:BP,GO:0042119,neutrophil activation,0.000268635952426127,True,"""The change in morphology and behavior of a neutrophil resulting from exposure to a cytokine, chemokine, cellular ligand, or soluble factor."" [GOC:mgi_curators, ISBN:0781735149]",498,269,25,18117,0.09293680297397769,0.050200803212851405,query_1,['GO:0036230']
71,GO:BP,GO:0002283,neutrophil activation involved in immune response,0.00016195083950037835,True,"""The change in morphology and behavior of a neutrophil resulting from exposure to a cytokine, chemokine, cellular ligand, or soluble factor, leading to the initiation or perpetuation of an immune response."" [GOC:add, ISBN:0781735149]",485,269,25,18117,0.09293680297397769,0.05154639175257732,query_1,"['GO:0002275', 'GO:0042119']"
86,GO:BP,GO:0002764,immune response-regulating signaling pathway,0.0005068386069181812,True,"""The cascade of processes by which a signal interacts with a receptor, causing a change in the level or activity of a second messenger or other downstream target, and ultimately leading to the activation, perpetuation, or inhibition of an immune response."" [GOC:add, ISBN:0781735149, PMID:15771571]",515,269,25,18117,0.09293680297397769,0.04854368932038835,query_1,"['GO:0007165', 'GO:0050776']"
82,GO:BP,GO:0050900,leukocyte migration,0.0004376723372017232,True,"""The movement of a leukocyte within or between different tissues and organs of the body."" [GOC:add, ISBN:0781735149, PMID:14680625, PMID:14708592, PMID:7507411, PMID:8600538]",511,269,25,18117,0.09293680297397769,0.04892367906066536,query_1,"['GO:0002376', 'GO:0016477']"
7,GO:BP,GO:0070663,regulation of leukocyte proliferation,1.3620123720762336e-10,True,"""Any process that modulates the frequency, rate or extent of leukocyte proliferation."" [GOC:add, GOC:mah]",251,269,25,18117,0.09293680297397769,0.099601593625498,query_1,"['GO:0042127', 'GO:0070661']"
13,GO:BP,GO:0046651,lymphocyte proliferation,4.855257717550052e-09,True,"""The expansion of a lymphocyte population by cell division."" [GOC:ai]",294,269,25,18117,0.09293680297397769,0.08503401360544217,query_1,"['GO:0032943', 'GO:0046649']"
14,GO:BP,GO:0032943,mononuclear cell proliferation,6.0817928059357046e-09,True,"""The expansion of a mononuclear cell population by cell division. A mononuclear cell is a leukocyte with a single non-segmented nucleus in the mature form."" [GOC:add]",297,269,25,18117,0.09293680297397769,0.08417508417508418,query_1,['GO:0070661']
31,GO:BP,GO:0007159,leukocyte cell-cell adhesion,9.23758042198519e-07,True,"""The attachment of a leukocyte to another cell via adhesion molecules."" [GOC:go_curators]",375,269,25,18117,0.09293680297397769,0.06666666666666667,query_1,['GO:0098609']
68,GO:BP,GO:0043312,neutrophil degranulation,0.00014371836608949597,True,"""The regulated exocytosis of secretory granules containing preformed mediators such as proteases, lipases, and inflammatory mediators by a neutrophil."" [ISBN:0781735149]",482,269,25,18117,0.09293680297397769,0.05186721991701245,query_1,"['GO:0002283', 'GO:0002446', 'GO:0043299']"
77,GO:BP,GO:0002446,neutrophil mediated immunity,0.0002585473023396492,True,"""Any process involved in the carrying out of an immune response by a neutrophil."" [GO_REF:0000022, GOC:add, ISBN:0781735149]",497,269,25,18117,0.09293680297397769,0.05030181086519115,query_1,['GO:0002444']
56,GO:BP,GO:0042110,T cell activation,4.6846054562047255e-05,True,"""The change in morphology and behavior of a mature or immature T cell resulting from exposure to a mitogen, cytokine, chemokine, cellular ligand, or an antigen for which it is specific."" [GOC:mgi_curators, ISBN:0781735149]",489,269,26,18117,0.09665427509293681,0.053169734151329244,query_1,['GO:0046649']
65,GO:BP,GO:0036230,granulocyte activation,8.604115614113949e-05,True,"""The change in morphology and behavior of a granulocyte resulting from exposure to a cytokine, chemokine, cellular ligand, or soluble factor."" [CL:0000094, GOC:nhn]",504,269,26,18117,0.09665427509293681,0.051587301587301584,query_1,['GO:0002274']
131,GO:BP,GO:0002250,adaptive immune response,0.010262795529970488,True,"""An immune response mediated by cells expressing specific receptors for antigen produced through a somatic diversification process, and allowing for an enhanced secondary response to subsequent exposures to the same antigen (immunological memory)."" [GO_REF:0000022, GOC:add, ISBN:0781735149]",689,269,27,18117,0.10037174721189591,0.03918722786647315,query_1,['GO:0006955']
75,GO:BP,GO:0002253,activation of immune response,0.00024724752024866156,True,"""Any process that initiates an immune response."" [GO_REF:0000022, GOC:add, ISBN:0781735149]",568,269,27,18117,0.10037174721189591,0.04753521126760563,query_1,"['GO:0002376', 'GO:0050778']"
9,GO:BP,GO:0070661,leukocyte proliferation,1.5472961283952005e-10,True,"""The expansion of a leukocyte population by cell division."" [GOC:add]",325,269,28,18117,0.10408921933085502,0.08615384615384615,query_1,['GO:0008283']
119,GO:BP,GO:0030155,regulation of cell adhesion,0.005492789010005624,True,"""Any process that modulates the frequency, rate or extent of attachment of a cell to another cell or to the extracellular matrix."" [GOC:mah]",748,269,29,18117,0.10780669144981413,0.03877005347593583,query_1,"['GO:0007155', 'GO:0050794']"
48,GO:BP,GO:0002444,myeloid leukocyte mediated immunity,8.533611500408758e-06,True,"""Any process involved in the carrying out of an immune response by a myeloid leukocyte."" [GO_REF:0000022, GOC:add, ISBN:0781735149]",551,269,29,18117,0.10780669144981413,0.05263157894736842,query_1,['GO:0002443']
103,GO:BP,GO:0050778,positive regulation of immune response,0.0020797520877560475,True,"""Any process that activates or increases the frequency, rate or extent of the immune response, the immunological reaction of an organism to an immunogenic stimulus."" [GOC:ai]",753,269,30,18117,0.11152416356877323,0.0398406374501992,query_1,"['GO:0002684', 'GO:0006955', 'GO:0048584', 'GO:0050776']"
122,GO:BP,GO:0006954,inflammatory response,0.006123291223306575,True,"""The immediate defensive reaction (by vertebrate tissue) to infection or injury caused by chemical or physical agents. The process is characterized by local vasodilation, extravasation of plasma into intercellular spaces and accumulation of white blood cells and macrophages."" [GO_REF:0000022, ISBN:0198506732]",794,269,30,18117,0.11152416356877323,0.037783375314861464,query_1,['GO:0006952']
26,GO:BP,GO:0002521,leukocyte differentiation,4.457486918593764e-07,True,"""The process in which a relatively unspecialized hemopoietic precursor cell acquires the specialized features of a leukocyte. A leukocyte is an achromatic cell of the myeloid or lymphoid lineages capable of ameboid movement, found in blood or other tissue."" [CL:0000738, GOC:add, PMID:16551264]",550,269,31,18117,0.11524163568773234,0.056363636363636366,query_1,"['GO:0030097', 'GO:0030154']"
24,GO:BP,GO:0002275,myeloid cell activation involved in immune response,3.894129031365808e-07,True,"""A change in the morphology or behavior of a myeloid cell resulting from exposure to an activating factor such as a cellular or soluble ligand, leading to the initiation or perpetuation of an immune response."" [GOC:add, ISBN:0781735149]",547,269,31,18117,0.11524163568773234,0.056672760511883,query_1,"['GO:0002274', 'GO:0002366']"
22,GO:BP,GO:0043299,leukocyte degranulation,2.2456388761250619e-07,True,"""The regulated exocytosis of secretory granules by a leukocyte."" [GO_REF:0000022, GOC:add, ISBN:0781735149]",535,269,31,18117,0.11524163568773234,0.05794392523364486,query_1,"['GO:0002252', 'GO:0045055', 'GO:0051649']"
158,GO:BP,GO:0008284,positive regulation of cell population proliferation,0.022754327113086194,True,"""Any process that activates or increases the rate or extent of cell proliferation."" [GOC:go_curators]",982,269,33,18117,0.12267657992565056,0.03360488798370672,query_1,"['GO:0008283', 'GO:0042127', 'GO:0048522']"
12,GO:BP,GO:0051249,regulation of lymphocyte activation,4.121351539477912e-09,True,"""Any process that modulates the frequency, rate or extent of lymphocyte activation."" [GOC:ai]",518,269,33,18117,0.12267657992565056,0.0637065637065637,query_1,"['GO:0002694', 'GO:0046649']"
59,GO:BP,GO:0045055,regulated exocytosis,4.9283889199551354e-05,True,"""A process of exocytosis in which soluble proteins and other substances are initially stored in secretory vesicles for later release. It is found mainly in cells that are specialized for secreting products such as hormones, neurotransmitters, or digestive enzymes rapidly on demand."" [GOC:mah, ISBN:0716731363]",785,269,34,18117,0.12639405204460966,0.04331210191082802,query_1,['GO:0006887']
80,GO:BP,GO:0098609,cell-cell adhesion,0.00035898581851705164,True,"""The attachment of one cell to another cell via adhesion molecules."" [GOC:dos]",894,269,35,18117,0.13011152416356878,0.039149888143176735,query_1,['GO:0007155']
36,GO:BP,GO:0002263,cell activation involved in immune response,1.571319855257095e-06,True,"""A change in the morphology or behavior of a cell resulting from exposure to an activating factor such as a cellular or soluble ligand, leading to the initiation or perpetuation of an immune response."" [GO_REF:0000022, GOC:add, ISBN:0781735149]",721,269,35,18117,0.13011152416356878,0.04854368932038835,query_1,"['GO:0001775', 'GO:0002252', 'GO:0006955']"
34,GO:BP,GO:0002366,leukocyte activation involved in immune response,1.3560023008920545e-06,True,"""A change in morphology and behavior of a leukocyte resulting from exposure to a specific antigen, mitogen, cytokine, cellular ligand, or soluble factor, leading to the initiation or perpetuation of an immune response."" [GOC:add, ISBN:0781735149]",717,269,35,18117,0.13011152416356878,0.04881450488145049,query_1,"['GO:0002263', 'GO:0045321']"
21,GO:BP,GO:0002274,myeloid leukocyte activation,1.9412232962173817e-07,True,"""A change in the morphology or behavior of a myeloid leukocyte resulting from exposure to an activating factor such as a cellular or soluble ligand."" [GOC:add, ISBN:0781735149]",667,269,35,18117,0.13011152416356878,0.05247376311844078,query_1,['GO:0045321']
57,GO:BP,GO:0006887,exocytosis,4.869056647469988e-05,True,"""A process of secretion by a cell that results in the release of intracellular molecules (e.g. hormones, matrix proteins) contained within a membrane-bounded vesicle. Exocytosis can occur either by full fusion, when the vesicle collapses into the plasma membrane, or by a kiss-and-run mechanism that involves the formation of a transient contact, a pore, between a granule (for exemple of chromaffin cells) and the plasma membrane. The latter process most of the time leads to only partial secretion of the granule content. Exocytosis begins with steps that prepare vesicles for fusion with the membrane (tethering and docking) and ends when molecules are secreted from the cell."" [GOC:mah, ISBN:0716731363, PMID:22323285]",904,269,37,18117,0.137546468401487,0.04092920353982301,query_1,"['GO:0016192', 'GO:0032940']"
8,GO:BP,GO:0002694,regulation of leukocyte activation,1.463930339015616e-10,True,"""Any process that modulates the frequency, rate, or extent of leukocyte activation."" [GOC:add]",610,269,38,18117,0.1412639405204461,0.06229508196721312,query_1,"['GO:0002682', 'GO:0045321', 'GO:0050865']"
37,GO:BP,GO:0002443,leukocyte mediated immunity,1.892596143371996e-06,True,"""Any process involved in the carrying out of an immune response by a leukocyte."" [GO_REF:0000022, GOC:add, ISBN:0781735149]",877,269,39,18117,0.1449814126394052,0.04446978335233751,query_1,['GO:0002252']
132,GO:BP,GO:0098542,defense response to other organism,0.01035579892465415,True,"""Reactions triggered in response to the presence of another organism that act to protect the cell or organism from damage caused by that organism."" [GOC:dos]",1218,269,39,18117,0.1449814126394052,0.03201970443349754,query_1,"['GO:0006952', 'GO:0051707']"
11,GO:BP,GO:0050865,regulation of cell activation,2.8028691402422294e-10,True,"""Any process that modulates the frequency, rate or extent of cell activation, the change in the morphology or behavior of a cell resulting from exposure to an activating factor such as a cellular or soluble ligand."" [GOC:ai]",655,269,39,18117,0.1449814126394052,0.059541984732824425,query_1,"['GO:0001775', 'GO:0050794']"
29,GO:BP,GO:0030097,hemopoiesis,7.996160316387323e-07,True,"""The process whose specific outcome is the progression of the myeloid and lymphoid derived organ/tissue systems of the blood and other parts of the body over time, from formation to the mature structure. The site of hemopoiesis is variable during development, but occurs primarily in bone marrow or kidney in many adult vertebrates."" [GOC:dgh, ISBN:0198506732]",928,269,41,18117,0.1524163568773234,0.04418103448275862,query_1,['GO:0048534']
47,GO:BP,GO:0050776,regulation of immune response,6.421286759539666e-06,True,"""Any process that modulates the frequency, rate or extent of the immune response, the immunological reaction of an organism to an immunogenic stimulus."" [GOC:ai]",996,269,41,18117,0.1524163568773234,0.04116465863453815,query_1,"['GO:0002682', 'GO:0006955', 'GO:0048583']"
39,GO:BP,GO:0048534,hematopoietic or lymphoid organ development,2.6304055564171113e-06,True,"""The process whose specific outcome is the progression of any organ involved in hematopoiesis (also known as hemopoiesis) or lymphoid cell activation over time, from its formation to the mature structure. Such development includes differentiation of resident cell types (stromal cells) and of migratory cell types dependent on the unique microenvironment afforded by the organ for their proper differentiation."" [GOC:add, GOC:rl, ISBN:0781735149]",966,269,41,18117,0.1524163568773234,0.042443064182194616,query_1,"['GO:0002520', 'GO:0048513']"
162,GO:BP,GO:0140352,export from cell,0.02913983425105175,True,"""The directed movement of some substance from a cell, into the extracellular region. This may occur via transport across the plasma membrane or via exocytosis."" [GOC:pg]",1418,269,42,18117,0.15613382899628253,0.029619181946403384,query_1,"['GO:0006810', 'GO:0009987']"
43,GO:BP,GO:0002520,immune system development,3.965437930487118e-06,True,"""The process whose specific outcome is the progression of an organismal system whose objective is to provide calibrated responses by an organism to a potential internal or invasive threat, over time, from its formation to the mature structure. A system is a regularly interacting or interdependent group of organs or tissues that work together to carry out a given biological process."" [GOC:add, GOC:dph]",1020,269,42,18117,0.15613382899628253,0.041176470588235294,query_1,"['GO:0002376', 'GO:0048731']"
6,GO:BP,GO:0046649,lymphocyte activation,1.2806901727029e-10,True,"""A change in morphology and behavior of a lymphocyte resulting from exposure to a specific antigen, mitogen, cytokine, chemokine, cellular ligand, or soluble factor."" [GOC:mgi_curators, ISBN:0781735149]",771,269,43,18117,0.15985130111524162,0.055771725032425425,query_1,['GO:0045321']
157,GO:BP,GO:0046903,secretion,0.022747422675516885,True,"""The controlled release of a substance by a cell or a tissue."" [GOC:ai]",1501,269,44,18117,0.16356877323420074,0.029313790806129246,query_1,['GO:0006810']
19,GO:BP,GO:0002684,positive regulation of immune system process,1.2066268117130737e-07,True,"""Any process that activates or increases the frequency, rate, or extent of an immune system process."" [GOC:add]",1065,269,46,18117,0.17100371747211895,0.0431924882629108,query_1,"['GO:0002376', 'GO:0002682', 'GO:0048518']"
115,GO:BP,GO:0043207,response to external biotic stimulus,0.00395030748777729,True,"""Any process that results in a change in state or activity of a cell or an organism (in terms of movement, secretion, enzyme production, gene expression, etc.) as a result of an external biotic stimulus, an external stimulus caused by, or produced by living things."" [GOC:go_curators]",1594,269,48,18117,0.17843866171003717,0.030112923462986198,query_1,"['GO:0009605', 'GO:0009607']"
123,GO:BP,GO:0009607,response to biotic stimulus,0.006868120309803488,True,"""Any process that results in a change in state or activity of a cell or an organism (in terms of movement, secretion, enzyme production, gene expression, etc.) as a result of a biotic stimulus, a stimulus caused or produced by a living organism."" [GOC:hb]",1626,269,48,18117,0.17843866171003717,0.02952029520295203,query_1,['GO:0050896']
113,GO:BP,GO:0051707,response to other organism,0.0038135213645303463,True,"""Any process that results in a change in state or activity of a cell or an organism (in terms of movement, secretion, enzyme production, gene expression, etc.) as a result of a stimulus from another living organism."" [GOC:ai]",1592,269,48,18117,0.17843866171003717,0.03015075376884422,query_1,"['GO:0043207', 'GO:0044419']"
41,GO:BP,GO:0002252,immune effector process,3.5203481172786577e-06,True,"""Any process of the immune system that can potentially contribute to an immune response."" [GO_REF:0000022, GOC:add, ISBN:0781735149]",1309,269,49,18117,0.1821561338289963,0.0374331550802139,query_1,['GO:0002376']
66,GO:BP,GO:0007155,cell adhesion,8.772522491327261e-05,True,"""The attachment of a cell, either to another cell or to an underlying substrate such as the extracellular matrix, via cell adhesion molecules."" [GOC:hb, GOC:pf]",1492,269,50,18117,0.18587360594795538,0.03351206434316354,query_1,"['GO:0009987', 'GO:0022610']"
67,GO:BP,GO:0022610,biological adhesion,0.0001017376497230964,True,"""The attachment of a cell or organism to a substrate, another cell, or other organism. Biological adhesion includes intracellular attachment between membrane regions."" [GOC:isa_complete]",1499,269,50,18117,0.18587360594795538,0.0333555703802535,query_1,['GO:0008150']
94,GO:BP,GO:0042127,regulation of cell population proliferation,0.0012894702297900728,True,"""Any process that modulates the frequency, rate or extent of cell proliferation."" [GOC:jl]",1774,269,53,18117,0.1970260223048327,0.02987598647125141,query_1,"['GO:0008283', 'GO:0050794']"
53,GO:BP,GO:0006952,defense response,1.2612730041833838e-05,True,"""Reactions, triggered in response to the presence of a foreign body or the occurrence of an injury, which result in restriction of damage to the organism attacked or prevention/recovery from the infection caused by the attack."" [GOC:go_curators]",1818,269,59,18117,0.21933085501858737,0.032453245324532455,query_1,['GO:0006950']
63,GO:BP,GO:0008283,cell population proliferation,7.268386845351064e-05,True,"""The multiplication or reproduction of cells, resulting in the expansion of a cell population."" [GOC:mah, GOC:mb]",2054,269,62,18117,0.23048327137546468,0.03018500486854917,query_1,['GO:0009987']
1,GO:BP,GO:0045321,leukocyte activation,4.356218877114886e-14,True,"""A change in morphology and behavior of a leukocyte resulting from exposure to a specific antigen, mitogen, cytokine, cellular ligand, or soluble factor."" [GOC:add]",1332,269,64,18117,0.2379182156133829,0.04804804804804805,query_1,"['GO:0001775', 'GO:0002376']"
99,GO:BP,GO:0048584,positive regulation of response to stimulus,0.001628866886775884,True,"""Any process that activates, maintains or increases the rate of a response to a stimulus. Response to stimulus is a change in state or activity of a cell or an organism (in terms of movement, secretion, enzyme production, gene expression, etc.) as a result of a stimulus."" [GOC:jid]",2344,269,64,18117,0.2379182156133829,0.027303754266211604,query_1,"['GO:0048518', 'GO:0048583', 'GO:0050896']"
58,GO:BP,GO:0016192,vesicle-mediated transport,4.870217499825452e-05,True,"""A cellular transport process in which transported substances are moved in membrane-bounded vesicles; transported substances are enclosed in the vesicle lumen or located in the vesicle membrane. The process begins with a step that directs a substance to the forming vesicle, and includes vesicle budding and coating. Vesicles are then targeted to, and fuse with, an acceptor membrane."" [GOC:ai, GOC:mah, ISBN:08789310662000]",2180,269,65,18117,0.241635687732342,0.02981651376146789,query_1,"['GO:0006810', 'GO:0009987']"
4,GO:BP,GO:0001775,cell activation,8.505800315125799e-13,True,"""A change in the morphology or behavior of a cell resulting from exposure to an activating factor such as a cellular or soluble ligand."" [GOC:mgi_curators]",1495,269,66,18117,0.24535315985130113,0.04414715719063545,query_1,['GO:0009987']
5,GO:BP,GO:0002682,regulation of immune system process,3.869641353574933e-11,True,"""Any process that modulates the frequency, rate, or extent of an immune system process."" [GOC:add]",1617,269,66,18117,0.24535315985130113,0.04081632653061224,query_1,"['GO:0002376', 'GO:0050789']"
137,GO:BP,GO:0051239,regulation of multicellular organismal process,0.011551899885091154,True,"""Any process that modulates the frequency, rate or extent of a multicellular organismal process, the processes pertinent to the function of a multicellular organism above the cellular level; includes the integrated processes of tissues and organs."" [GOC:ai, GOC:dph, GOC:tb]",2861,269,71,18117,0.26394052044609667,0.02481649772806711,query_1,"['GO:0032501', 'GO:0050789']"
146,GO:BP,GO:0009605,response to external stimulus,0.016296401857204084,True,"""Any process that results in a change in state or activity of a cell or an organism (in terms of movement, secretion, enzyme production, gene expression, etc.) as a result of an external stimulus."" [GOC:hb]",2944,269,72,18117,0.26765799256505574,0.024456521739130436,query_1,['GO:0050896']
145,GO:BP,GO:0065009,regulation of molecular function,0.01605657630769861,True,"""Any process that modulates the frequency, rate or extent of a molecular function, an elemental biological activity occurring at the molecular level, such as catalysis or binding."" [GOC:isa_complete]",3221,269,77,18117,0.2862453531598513,0.02390561937286557,query_1,['GO:0065007']
10,GO:BP,GO:0006955,immune response,2.48191531487474e-10,True,"""Any immune system process that functions in the calibrated response of an organism to a potential internal or invasive threat."" [GO_REF:0000022, GOC:add]",2311,269,80,18117,0.29739776951672864,0.03461704889658156,query_1,"['GO:0002376', 'GO:0050896']"
35,GO:BP,GO:0007166,cell surface receptor signaling pathway,1.549579167035723e-06,True,"""A series of molecular signals initiated by activation of a receptor on the surface of a cell. The pathway begins with binding of an extracellular ligand to a cell surface receptor, or for receptors that signal in the absence of a ligand, by ligand-withdrawal or the activity of a constitutively active receptor. The pathway ends with regulation of a downstream cellular process, e.g. transcription."" [GOC:bf, GOC:mah, GOC:pr, GOC:signaling]",3210,269,89,18117,0.3308550185873606,0.027725856697819316,query_1,['GO:0007165']
3,GO:BP,GO:0002376,immune system process,2.903128655551205e-13,True,"""Any process involved in the development or functioning of the immune system, an organismal system for calibrated responses to potential internal or invasive threats."" [GO_REF:0000022, GOC:add]",3278,269,106,18117,0.3940520446096654,0.03233679072605247,query_1,['GO:0008150']
171,GO:BP,GO:0048523,negative regulation of cellular process,0.042806311490649805,True,"""Any process that stops, prevents, or reduces the frequency, rate or extent of a cellular process, any of those that are carried out at the cellular level, but are not necessarily restricted to a single cell. For example, cell communication occurs among more than one cell, but occurs at the cellular level."" [GOC:jid]",5139,269,108,18117,0.40148698884758366,0.021015761821366025,query_1,"['GO:0009987', 'GO:0048519', 'GO:0050794']"
25,GO:BP,GO:0048583,regulation of response to stimulus,4.2609581839538546e-07,True,"""Any process that modulates the frequency, rate or extent of a response to a stimulus. Response to stimulus is a change in state or activity of a cell or an organism (in terms of movement, secretion, enzyme production, gene expression, etc.) as a result of a stimulus."" [GOC:jid]",4278,269,110,18117,0.40892193308550184,0.025712949976624593,query_1,"['GO:0050789', 'GO:0050896']"
128,GO:BP,GO:0006810,transport,0.009531899967883374,True,"""The directed movement of substances (such as macromolecules, small molecules, ions) or cellular components (such as complexes and organelles) into, out of or within a cell, or between cells, or within a multicellular organism by means of some agent such as a transporter, pore or motor protein."" [GOC:dos, GOC:dph, GOC:jl, GOC:mah]",5224,269,112,18117,0.4163568773234201,0.021439509954058193,query_1,['GO:0051234']
168,GO:BP,GO:0051234,establishment of localization,0.03817039333370913,True,"""Any process that localizes a substance or cellular component. This may occur via movement, tethering or selective degradation."" [GOC:ai, GOC:dos]",5372,269,112,18117,0.4163568773234201,0.02084884586746091,query_1,['GO:0051179']
172,GO:BP,GO:0051179,localization,0.04282292064496846,True,"""Any process in which a cell, a substance, or a cellular entity, such as a protein complex or organelle, is transported, tethered to or otherwise maintained in a specific location. In the case of substances, localization may also be achieved via selective degradation."" [GOC:ai, GOC:dos]",6901,269,136,18117,0.5055762081784386,0.019707288798724822,query_1,['GO:0008150']
50,GO:BP,GO:0007165,signal transduction,9.400826263800284e-06,True,"""The cellular process in which a signal is conveyed to trigger a change in the activity or state of a cell. Signal transduction begins with reception of a signal (e.g. a ligand binding to a receptor or receptor activation by a stimulus such as light), or for signal transduction in the absence of ligand, signal-withdrawal or the activity of a constitutively active receptor. Signal transduction ends with regulation of a downstream cellular process, e.g. regulation of transcription or regulation of a metabolic process. Signal transduction covers signaling from receptors located on the surface of the cell and signaling via molecules located within the cell. For signaling between cells, signal transduction is restricted to events at and within the receiving cell."" [GOC:go_curators, GOC:mtg_signaling_feb11]",6309,269,140,18117,0.5204460966542751,0.022190521477254716,query_1,"['GO:0007154', 'GO:0009987', 'GO:0023052', 'GO:0050794', 'GO:0051716']"
49,GO:BP,GO:0023052,signaling,8.709304421535222e-06,True,"""The entirety of a process in which information is transmitted within a biological system. This process begins with an active signal and ends when a cellular response has been triggered."" [GOC:mtg_signal, GOC:mtg_signaling_feb11, GOC:signaling]",6810,269,148,18117,0.550185873605948,0.021732745961820853,query_1,['GO:0008150']
45,GO:BP,GO:0007154,cell communication,5.18247598491009e-06,True,"""Any process that mediates interactions between a cell and its surroundings. Encompasses interactions such as signaling or attachment between one cell and another cell, between a cell and an extracellular matrix, or between a cell and any other aspect of its environment."" [GOC:mah]",6829,269,149,18117,0.5539033457249071,0.021818714306633475,query_1,['GO:0009987']
76,GO:BP,GO:0051716,cellular response to stimulus,0.0002581992971277609,True,"""Any process that results in a change in state or activity of a cell (in terms of movement, secretion, enzyme production, gene expression, etc.) as a result of a stimulus. The process begins with detection of the stimulus by a cell and ends with a change in state or activity or the cell."" [GOC:bf, GOC:jl]",7781,269,158,18117,0.587360594795539,0.02030587328106927,query_1,"['GO:0009987', 'GO:0050896']"
27,GO:BP,GO:0050896,response to stimulus,5.388010957522986e-07,True,"""Any process that results in a change in state or activity of a cell or an organism (in terms of movement, secretion, enzyme production, gene expression, etc.) as a result of a stimulus. The process begins with detection of the stimulus and ends with a change in state or activity or the cell or organism."" [GOC:ai, GOC:bf]",9407,269,190,18117,0.7063197026022305,0.02019772509833103,query_1,['GO:0008150']
126,GO:BP,GO:0050789,regulation of biological process,0.009212341784905619,True,"""Any process that modulates the frequency, rate or extent of a biological process. Biological processes are regulated by many means; examples include the control of gene expression, protein modification or interaction with a protein or substrate molecule."" [GOC:ai, GOC:go_curators]",12091,269,213,18117,0.79182156133829,0.01761640889918121,query_1,"['GO:0008150', 'GO:0065007']"
108,GO:BP,GO:0065007,biological regulation,0.0025827678784100493,True,"""Any process that modulates a measurable attribute of any biological process, quality or function."" [GOC:dph, GOC:isa_complete, GOC:mah, GOC:pr, GOC:vw]",12809,269,224,18117,0.8327137546468402,0.017487703958154424,query_1,['GO:0008150']
144,KEGG,KEGG:04666,Fc gamma R-mediated phagocytosis,0.015708843849110036,True,Fc gamma R-mediated phagocytosis,96,132,8,8001,1.0606060606060606,0.08333333333333333,query_1,['KEGG:00000']
104,KEGG,KEGG:04640,Hematopoietic cell lineage,0.002203739187071424,True,Hematopoietic cell lineage,95,132,9,8001,1.0681818181818181,0.09473684210526316,query_1,['KEGG:00000']
139,KEGG,KEGG:04514,Cell adhesion molecules,0.012670177737734933,True,Cell adhesion molecules,146,132,10,8001,1.0757575757575757,0.0684931506849315,query_1,['KEGG:00000']
163,REAC,REAC:R-HSA-2029480,Fcgamma receptor (FCGR) dependent phagocytosis,0.030960146397656332,True,Fcgamma receptor (FCGR) dependent phagocytosis,140,168,10,10543,2.0595238095238093,0.07142857142857142,query_1,['REAC:R-HSA-168249']
89,REAC,REAC:R-HSA-6798695,Neutrophil degranulation,0.0006765108354325275,True,Neutrophil degranulation,474,168,23,10543,2.136904761904762,0.04852320675105485,query_1,['REAC:R-HSA-168249']
40,REAC,REAC:R-HSA-168249,Innate Immune System,2.8884853258646626e-06,True,Innate Immune System,1073,168,43,10543,2.255952380952381,0.04007455731593663,query_1,['REAC:R-HSA-168256']
18,REAC,REAC:R-HSA-168256,Immune System,6.660073912251181e-08,True,Immune System,2139,168,70,10543,2.4166666666666665,0.03272557269752221,query_1,['REAC:0000000']
